Name,Market Cap (GBP$ Billion)
JPMorgan Chase,365.79185175000003
Bank of America,201.99911632
Industrial and Commercial Bank of China,169.75184896000002
Agricultural Bank of China,140.19185388
HDFC Bank,137.77505381
Wells Fargo,135.99517217000002
HSBC Holdings PLC,129.91390990000002
Morgan Stanley,122.87290753
China Construction Bank,121.99169162
Bank of China,119.36549371000001
